PRAGMA foreign_keys=OFF;
BEGIN TRANSACTION;
CREATE TABLE IF NOT EXISTS "django_migrations" ("id" integer NOT NULL PRIMARY KEY AUTOINCREMENT, "app" varchar(255) NOT NULL, "name" varchar(255) NOT NULL, "applied" datetime NOT NULL);
INSERT INTO django_migrations VALUES(1,'users','0001_initial','2020-05-08 21:19:29.787090');
INSERT INTO django_migrations VALUES(2,'contenttypes','0001_initial','2020-05-08 21:19:29.835337');
INSERT INTO django_migrations VALUES(3,'admin','0001_initial','2020-05-08 21:19:29.873092');
INSERT INTO django_migrations VALUES(4,'admin','0002_logentry_remove_auto_add','2020-05-08 21:19:29.953834');
INSERT INTO django_migrations VALUES(5,'admin','0003_logentry_add_action_flag_choices','2020-05-08 21:19:30.015856');
INSERT INTO django_migrations VALUES(6,'contenttypes','0002_remove_content_type_name','2020-05-08 21:19:30.142328');
INSERT INTO django_migrations VALUES(7,'auth','0001_initial','2020-05-08 21:19:30.265814');
INSERT INTO django_migrations VALUES(8,'auth','0002_alter_permission_name_max_length','2020-05-08 21:19:30.350516');
INSERT INTO django_migrations VALUES(9,'auth','0003_alter_user_email_max_length','2020-05-08 21:19:30.416981');
INSERT INTO django_migrations VALUES(10,'auth','0004_alter_user_username_opts','2020-05-08 21:19:30.454580');
INSERT INTO django_migrations VALUES(11,'auth','0005_alter_user_last_login_null','2020-05-08 21:19:30.513409');
INSERT INTO django_migrations VALUES(12,'auth','0006_require_contenttypes_0002','2020-05-08 21:19:30.531826');
INSERT INTO django_migrations VALUES(13,'auth','0007_alter_validators_add_error_messages','2020-05-08 21:19:30.578279');
INSERT INTO django_migrations VALUES(14,'auth','0008_alter_user_username_max_length','2020-05-08 21:19:30.629815');
INSERT INTO django_migrations VALUES(15,'auth','0009_alter_user_last_name_max_length','2020-05-08 21:19:30.707008');
INSERT INTO django_migrations VALUES(16,'auth','0010_alter_group_name_max_length','2020-05-08 21:19:30.770730');
INSERT INTO django_migrations VALUES(17,'auth','0011_update_proxy_permissions','2020-05-08 21:19:30.828791');
INSERT INTO django_migrations VALUES(18,'authtoken','0001_initial','2020-05-08 21:19:30.887935');
INSERT INTO django_migrations VALUES(19,'authtoken','0002_auto_20160226_1747','2020-05-08 21:19:31.086036');
INSERT INTO django_migrations VALUES(20,'categories','0001_initial','2020-05-08 21:19:31.109020');
INSERT INTO django_migrations VALUES(21,'categories','0002_auto_20200507_1354','2020-05-08 21:19:31.155190');
INSERT INTO django_migrations VALUES(22,'titles','0001_initial','2020-05-08 21:19:31.199538');
INSERT INTO django_migrations VALUES(23,'reviews','0001_initial','2020-05-08 21:19:31.286276');
INSERT INTO django_migrations VALUES(24,'comments','0001_initial','2020-05-08 21:19:31.372073');
INSERT INTO django_migrations VALUES(25,'comments','0002_auto_20200505_1724','2020-05-08 21:19:31.494533');
INSERT INTO django_migrations VALUES(26,'titles','0002_auto_20200505_0858','2020-05-08 21:19:31.545136');
INSERT INTO django_migrations VALUES(27,'titles','0003_remove_title_rating','2020-05-08 21:19:31.597080');
INSERT INTO django_migrations VALUES(28,'genres','0001_initial','2020-05-08 21:19:31.633439');
INSERT INTO django_migrations VALUES(29,'titles','0004_auto_20200507_0936','2020-05-08 21:19:31.873600');
INSERT INTO django_migrations VALUES(30,'titles','0005_auto_20200507_1019','2020-05-08 21:19:32.036098');
INSERT INTO django_migrations VALUES(31,'titles','0006_auto_20200507_1023','2020-05-08 21:19:32.206269');
INSERT INTO django_migrations VALUES(32,'titles','0007_auto_20200507_1026','2020-05-08 21:19:32.549080');
INSERT INTO django_migrations VALUES(33,'titles','0008_auto_20200508_1709','2020-05-08 21:19:32.844964');
INSERT INTO django_migrations VALUES(34,'titles','0009_auto_20200508_1831','2020-05-08 21:19:33.087556');
INSERT INTO django_migrations VALUES(35,'genres','0002_genre_title','2020-05-08 21:19:33.180268');
INSERT INTO django_migrations VALUES(36,'genres','0003_auto_20200508_2055','2020-05-08 21:19:33.321756');
INSERT INTO django_migrations VALUES(37,'genres','0004_delete_genre_title','2020-05-08 21:19:33.354784');
INSERT INTO django_migrations VALUES(38,'reviews','0002_auto_20200505_1724','2020-05-08 21:19:33.488741');
INSERT INTO django_migrations VALUES(39,'sessions','0001_initial','2020-05-08 21:19:33.516457');
INSERT INTO django_migrations VALUES(40,'users','0002_user_username','2020-05-08 21:19:33.588814');
INSERT INTO django_migrations VALUES(41,'users','0003_auto_20200506_1856','2020-05-08 21:19:33.959474');
INSERT INTO django_migrations VALUES(42,'users','0004_auto_20200506_2000','2020-05-08 21:19:34.173433');
INSERT INTO django_migrations VALUES(43,'users','0005_auto_20200506_2010','2020-05-08 21:19:34.299118');
INSERT INTO django_migrations VALUES(44,'users','0006_auto_20200506_2016','2020-05-08 21:19:34.487672');
INSERT INTO django_migrations VALUES(45,'users','0007_auto_20200509_1512','2020-05-09 15:12:16.181660');
INSERT INTO django_migrations VALUES(46,'users','0008_auto_20200509_1513','2020-05-09 15:14:07.330047');
INSERT INTO django_migrations VALUES(47,'titles','0010_auto_20200509_1815','2020-05-09 18:15:35.922931');
INSERT INTO django_migrations VALUES(48,'titles','0011_auto_20200509_2013','2020-05-09 20:13:30.897754');
CREATE TABLE IF NOT EXISTS "django_admin_log" ("id" integer NOT NULL PRIMARY KEY AUTOINCREMENT, "action_time" datetime NOT NULL, "object_id" text NULL, "object_repr" varchar(200) NOT NULL, "change_message" text NOT NULL, "content_type_id" integer NULL REFERENCES "django_content_type" ("id") DEFERRABLE INITIALLY DEFERRED, "user_id" integer NOT NULL REFERENCES "users_user" ("id") DEFERRABLE INITIALLY DEFERRED, "action_flag" smallint unsigned NOT NULL CHECK ("action_flag" >= 0));
CREATE TABLE IF NOT EXISTS "django_content_type" ("id" integer NOT NULL PRIMARY KEY AUTOINCREMENT, "app_label" varchar(100) NOT NULL, "model" varchar(100) NOT NULL);
INSERT INTO django_content_type VALUES(1,'categories','category');
INSERT INTO django_content_type VALUES(2,'genres','genre');
INSERT INTO django_content_type VALUES(3,'titles','title');
INSERT INTO django_content_type VALUES(4,'comments','comment');
INSERT INTO django_content_type VALUES(5,'reviews','review');
INSERT INTO django_content_type VALUES(6,'users','user');
INSERT INTO django_content_type VALUES(7,'authtoken','token');
INSERT INTO django_content_type VALUES(8,'admin','logentry');
INSERT INTO django_content_type VALUES(9,'auth','permission');
INSERT INTO django_content_type VALUES(10,'auth','group');
INSERT INTO django_content_type VALUES(11,'contenttypes','contenttype');
INSERT INTO django_content_type VALUES(12,'sessions','session');
CREATE TABLE IF NOT EXISTS "auth_group_permissions" ("id" integer NOT NULL PRIMARY KEY AUTOINCREMENT, "group_id" integer NOT NULL REFERENCES "auth_group" ("id") DEFERRABLE INITIALLY DEFERRED, "permission_id" integer NOT NULL REFERENCES "auth_permission" ("id") DEFERRABLE INITIALLY DEFERRED);
CREATE TABLE IF NOT EXISTS "auth_permission" ("id" integer NOT NULL PRIMARY KEY AUTOINCREMENT, "content_type_id" integer NOT NULL REFERENCES "django_content_type" ("id") DEFERRABLE INITIALLY DEFERRED, "codename" varchar(100) NOT NULL, "name" varchar(255) NOT NULL);
INSERT INTO auth_permission VALUES(1,1,'add_category','Can add category');
INSERT INTO auth_permission VALUES(2,1,'change_category','Can change category');
INSERT INTO auth_permission VALUES(3,1,'delete_category','Can delete category');
INSERT INTO auth_permission VALUES(4,1,'view_category','Can view category');
INSERT INTO auth_permission VALUES(5,2,'add_genre','Can add genre');
INSERT INTO auth_permission VALUES(6,2,'change_genre','Can change genre');
INSERT INTO auth_permission VALUES(7,2,'delete_genre','Can delete genre');
INSERT INTO auth_permission VALUES(8,2,'view_genre','Can view genre');
INSERT INTO auth_permission VALUES(9,3,'add_title','Can add title');
INSERT INTO auth_permission VALUES(10,3,'change_title','Can change title');
INSERT INTO auth_permission VALUES(11,3,'delete_title','Can delete title');
INSERT INTO auth_permission VALUES(12,3,'view_title','Can view title');
INSERT INTO auth_permission VALUES(13,4,'add_comment','Can add comment');
INSERT INTO auth_permission VALUES(14,4,'change_comment','Can change comment');
INSERT INTO auth_permission VALUES(15,4,'delete_comment','Can delete comment');
INSERT INTO auth_permission VALUES(16,4,'view_comment','Can view comment');
INSERT INTO auth_permission VALUES(17,5,'add_review','Can add review');
INSERT INTO auth_permission VALUES(18,5,'change_review','Can change review');
INSERT INTO auth_permission VALUES(19,5,'delete_review','Can delete review');
INSERT INTO auth_permission VALUES(20,5,'view_review','Can view review');
INSERT INTO auth_permission VALUES(21,6,'add_user','Can add user');
INSERT INTO auth_permission VALUES(22,6,'change_user','Can change user');
INSERT INTO auth_permission VALUES(23,6,'delete_user','Can delete user');
INSERT INTO auth_permission VALUES(24,6,'view_user','Can view user');
INSERT INTO auth_permission VALUES(25,7,'add_token','Can add Token');
INSERT INTO auth_permission VALUES(26,7,'change_token','Can change Token');
INSERT INTO auth_permission VALUES(27,7,'delete_token','Can delete Token');
INSERT INTO auth_permission VALUES(28,7,'view_token','Can view Token');
INSERT INTO auth_permission VALUES(29,8,'add_logentry','Can add log entry');
INSERT INTO auth_permission VALUES(30,8,'change_logentry','Can change log entry');
INSERT INTO auth_permission VALUES(31,8,'delete_logentry','Can delete log entry');
INSERT INTO auth_permission VALUES(32,8,'view_logentry','Can view log entry');
INSERT INTO auth_permission VALUES(33,9,'add_permission','Can add permission');
INSERT INTO auth_permission VALUES(34,9,'change_permission','Can change permission');
INSERT INTO auth_permission VALUES(35,9,'delete_permission','Can delete permission');
INSERT INTO auth_permission VALUES(36,9,'view_permission','Can view permission');
INSERT INTO auth_permission VALUES(37,10,'add_group','Can add group');
INSERT INTO auth_permission VALUES(38,10,'change_group','Can change group');
INSERT INTO auth_permission VALUES(39,10,'delete_group','Can delete group');
INSERT INTO auth_permission VALUES(40,10,'view_group','Can view group');
INSERT INTO auth_permission VALUES(41,11,'add_contenttype','Can add content type');
INSERT INTO auth_permission VALUES(42,11,'change_contenttype','Can change content type');
INSERT INTO auth_permission VALUES(43,11,'delete_contenttype','Can delete content type');
INSERT INTO auth_permission VALUES(44,11,'view_contenttype','Can view content type');
INSERT INTO auth_permission VALUES(45,12,'add_session','Can add session');
INSERT INTO auth_permission VALUES(46,12,'change_session','Can change session');
INSERT INTO auth_permission VALUES(47,12,'delete_session','Can delete session');
INSERT INTO auth_permission VALUES(48,12,'view_session','Can view session');
CREATE TABLE IF NOT EXISTS "auth_group" ("id" integer NOT NULL PRIMARY KEY AUTOINCREMENT, "name" varchar(150) NOT NULL UNIQUE);
CREATE TABLE IF NOT EXISTS "authtoken_token" ("key" varchar(40) NOT NULL PRIMARY KEY, "created" datetime NOT NULL, "user_id" integer NOT NULL UNIQUE REFERENCES "users_user" ("id") DEFERRABLE INITIALLY DEFERRED);
CREATE TABLE IF NOT EXISTS "categories_category" ("id" integer NOT NULL PRIMARY KEY AUTOINCREMENT, "name" text NOT NULL, "pub_date" datetime NOT NULL, "slug" varchar(50) NOT NULL UNIQUE);
INSERT INTO categories_category VALUES(1,'Фильм','2020-05-08 21:21:12.097235','movie');
INSERT INTO categories_category VALUES(2,'Книга','2020-05-08 21:21:12.105335','book');
INSERT INTO categories_category VALUES(3,'Музыка','2020-05-08 21:21:12.113970','music');
CREATE TABLE IF NOT EXISTS "comments_comment" ("id" integer NOT NULL PRIMARY KEY AUTOINCREMENT, "text" text NOT NULL, "pub_date" datetime NOT NULL, "review_id" integer NOT NULL REFERENCES "reviews_review" ("id") DEFERRABLE INITIALLY DEFERRED, "author_id" integer NULL REFERENCES "users_user" ("id") DEFERRABLE INITIALLY DEFERRED);
INSERT INTO comments_comment VALUES(1,'Ничего подобного, в фильме всё не так, и программирование тут вообще ни при чём!','2020-05-08 21:21:15.478258',6,102);
INSERT INTO comments_comment VALUES(2,'Ну надо же, не нашлось ничего лучшего, кроме как прокомментировать разговор про гамбургеры, будто в фильме ничего важнее этого нет','2020-05-08 21:21:15.493655',6,101);
INSERT INTO comments_comment VALUES(3,'Кстати, а что такое "четверть фунта"? В граммах это сколько?','2020-05-08 21:21:15.504339',6,103);
INSERT INTO comments_comment VALUES(4,'Вот это да, никогда не слышал об этом! Спасибо за информацию','2020-05-08 21:21:15.521049',50,100);
INSERT INTO comments_comment VALUES(5,'Почему обязательно  нужно любой разговор сводить к навозу? Хорошая детская сказка, ва вы тут пишете про какие-то субстанции неприятные. Фу таким быть.','2020-05-08 21:21:15.530361',50,103);
CREATE TABLE IF NOT EXISTS "genres_genre" ("id" integer NOT NULL PRIMARY KEY AUTOINCREMENT, "name" text NOT NULL, "slug" varchar(50) NOT NULL, "pub_date" datetime NOT NULL);
INSERT INTO genres_genre VALUES(1,'Драма','drama','2020-05-08 21:21:11.886526');
INSERT INTO genres_genre VALUES(2,'Комедия','comedy','2020-05-08 21:21:11.906701');
INSERT INTO genres_genre VALUES(3,'Вестерн','western','2020-05-08 21:21:11.926306');
INSERT INTO genres_genre VALUES(4,'Фэнтези','fantasy','2020-05-08 21:21:11.934075');
INSERT INTO genres_genre VALUES(5,'Фантастика','sci-fi','2020-05-08 21:21:11.949496');
INSERT INTO genres_genre VALUES(6,'Детектив','detective','2020-05-08 21:21:11.963092');
INSERT INTO genres_genre VALUES(7,'Триллер','thriller','2020-05-08 21:21:11.976828');
INSERT INTO genres_genre VALUES(8,'Сказка','tale','2020-05-08 21:21:11.989042');
INSERT INTO genres_genre VALUES(9,'Гонзо','gonzo','2020-05-08 21:21:12.002102');
INSERT INTO genres_genre VALUES(10,'Роман','roman','2020-05-08 21:21:12.017538');
INSERT INTO genres_genre VALUES(11,'Баллада','ballad','2020-05-08 21:21:12.031523');
INSERT INTO genres_genre VALUES(12,'Rock-n-roll','rock-n-roll','2020-05-08 21:21:12.047622');
INSERT INTO genres_genre VALUES(13,'Классика','classical','2020-05-08 21:21:12.054119');
INSERT INTO genres_genre VALUES(14,'Рок','rock','2020-05-08 21:21:12.069967');
INSERT INTO genres_genre VALUES(15,'Шансон','chanson','2020-05-08 21:21:12.082202');
CREATE TABLE IF NOT EXISTS "reviews_review" ("id" integer NOT NULL PRIMARY KEY AUTOINCREMENT, "text" text NOT NULL, "score" integer NOT NULL, "pub_date" datetime NOT NULL, "title_id" integer NOT NULL REFERENCES "titles_title" ("id") DEFERRABLE INITIALLY DEFERRED, "author_id" integer NULL REFERENCES "users_user" ("id") DEFERRABLE INITIALLY DEFERRED);
INSERT INTO reviews_review VALUES(1,replace('Ставлю десять звёзд!\n...Эти голоса были чище и светлее тех, о которых мечтали в этом сером, убогом месте. Как будто две птички влетели и своими голосами развеяли стены наших клеток, и на короткий миг каждый человек в Шоушенке почувствовал себя свободным.','\n',char(10)),10,'2020-05-08 21:21:13.153466',1,100);
INSERT INTO reviews_review VALUES(2,replace('Не привыкай\n«Эти стены имеют одно свойство: сначала ты их ненавидишь, потом привыкаешь, а потом не можешь без них жить»','\n',char(10)),10,'2020-05-08 21:21:13.204848',1,101);
INSERT INTO reviews_review VALUES(3,replace('Фильм, разобранный на цитаты, достоин высшей оценки. Десять с плюсом (жаль, тут плюса нет)\n"Ты пришел и говоришь: "Дон Корлеоне, мне нужна справедливость". Но ты просишь без уважения, ты не предлагаешь дружбу, ты даже не назвал меня Крестным Отцом."','\n',char(10)),10,'2020-05-08 21:21:13.238770',2,102);
INSERT INTO reviews_review VALUES(4,replace('Жестокий, жестокий, жестокий мир, не о таком мечтали мы в детстве!!111\n***Отец сделал ему предложение, от которого он не смог отказаться. Лука Брази держал пистолет у его виска, и отец предложил выбор: либо на контракте мозги, либо подпись.***','\n',char(10)),1,'2020-05-08 21:21:13.272689',2,103);
INSERT INTO reviews_review VALUES(5,replace('Это мои соседи! Ставлю три звезды за то, что они дважды отдавили мне окном пальцы:\n----------------------\n— Вы живёте в плохом районе?\n— Не то слово. Однажды с нашей улицы угнали полицейскую машину с двумя полицейскими. В дом всё время лезут воры. Каждый раз, как я пытаюсь закрыть окно, прищемляю кому-нибудь пальцы.','\n',char(10)),3,'2020-05-08 21:21:13.317925',2,104);
INSERT INTO reviews_review VALUES(6,replace('Всё, как в разных языках программирования! В основном — похоже, но вот эти маленькие различия выводят из себя. \nВеликий фильм на все случаи жизни!\n=====================================================\n— А знаешь, как в Париже называют четвертьфунтовый чизбургер?\n— Что, они не зовут его четвертьфунтовый чизбургер?\n— У них там метрическая система. Они вообще там не понимают, что за хрен четверть фунта.\n— И как они его зовут?\n— Они зовут его «Роял чизбургер».\n— «Роял чизбургер»? А как же тогда они зовут «Биг Мак»?\n— «Биг Мак» это «Биг Мак», только они называют его «Лё Биг Мак».','\n',char(10)),8,'2020-05-08 21:21:13.350201',5,100);
INSERT INTO reviews_review VALUES(7,'Ничего не понятно. Они там что, страницы сценария перепутали? Его сперва убили, а потом он опять жив, а они сперва в футболках, потом в костюмах, а потом опять в футболках. Ерунда полная',1,'2020-05-08 21:21:13.386718',5,101);
INSERT INTO reviews_review VALUES(8,replace('Очень поучительный фильм о том, что такое хорошо, что такое плохо и почему не надо читать в туалете.\nТвердая восьмёрка','\n',char(10)),8,'2020-05-08 21:21:13.420912',5,102);
INSERT INTO reviews_review VALUES(9,replace('Посмотрел фильм. \n— На свете есть два типа людей: те, кто копает и те, у кого заряжен револьвер.\nПойду копать, как велел Клинт. \nДевять баллов.','\n',char(10)),9,'2020-05-08 21:21:13.443185',6,103);
INSERT INTO reviews_review VALUES(10,replace('Вечная проблема всех злодеев, болтающих-болтающих-болтающих вместо того, чтобы просто застрелить противника, одним махом решена в этой сцене.\nЗа одно это фильм заслуживает высшего балла\n"Пришел стрелять - стреляй, а не болтай!"','\n',char(10)),10,'2020-05-08 21:21:13.498325',6,104);
INSERT INTO reviews_review VALUES(11,'Фильм про жадных, корыстных, грязных и безнравственных людей, чему он может научить зрителя?!!',2,'2020-05-08 21:21:13.552957',6,100);
INSERT INTO reviews_review VALUES(12,replace('Недавно именно так я изобрёл вечный двигатель! Чистая правда в фильме, почему он назван "фантастикой", это же полнейший реализм!\nВот цитата. Но зачем ему часы в уборной?!\n— В тот день я изобрёл путешествие во времени! Как сейчас помню… Я стоял на унитазе и вешал часы. Вдруг подскользнулся, ударился головой о раковину','\n',char(10)),8,'2020-05-08 21:21:13.610243',14,101);
INSERT INTO reviews_review VALUES(13,replace('Великий фильм, жаль только, что будущее, которое в нём показано, уже в прошлом. Но проблемы всё теже, вот как эта, например: «Док, послушай, всё, что нам нужно — это немного плутония!»\nВсегда не хватает какой-нибудь мелочи. Семёрка за то, что будущее оказалось не таким, как обещали.','\n',char(10)),7,'2020-05-08 21:21:13.690027',14,102);
INSERT INTO reviews_review VALUES(14,replace('Будущее выглядит странно и неожиданно, тоже мне, бином Ньютона. Но диалог прекрасен, и за это не стану сильно минусовать.\n-- Then tell me, future boy, who''s President of the United States in 1985?\n-- Ronald Reagan.\n-- Ronald Reagan? The actor? Then who''s vice president? Jerry Lewis?','\n',char(10)),4,'2020-05-08 21:21:13.732098',14,103);
INSERT INTO reviews_review VALUES(15,'Неужели из тюрьмы так легко было сбежать? Раз - и ты на свободе. Да, побег из Шоушенка пришлось готовить немного дольше. Пять за соцреализм',5,'2020-05-08 21:21:13.852790',17,104);
INSERT INTO reviews_review VALUES(16,'Сходила в кино, решила написать: драйв и огонь, но иногда какой-то бред на экране. В середине фильма просто отличные диалоги! Пусть будет 7',7,'2020-05-08 21:21:13.937202',3,100);
INSERT INTO reviews_review VALUES(17,'Смотрел, не отрываясь, хочу описать свои впечатления. По моему мнению, сценарий подкачал, зато подбор актёров - супер. Начало немного затянуто. Оператору - Оскара! Всё остальное - не очень. Фильм тянет на 8 из 10',8,'2020-05-08 21:21:14.048378',3,101);
INSERT INTO reviews_review VALUES(18,'Скачал, посмотрел, думаю, что актёры так себе, сценарий хороший. Диалоги прекрасные, так что пусть будет восемь звезд',8,'2020-05-08 21:21:14.128966',4,102);
INSERT INTO reviews_review VALUES(19,'Посмотрел. По моему мнению, актёры так себе, но сценарий хороший. Первую половину фильма можно спать, не опасаясь, что что-то пропустишь. Не раздумывая, ставлю уверенную десятку',10,'2020-05-08 21:21:14.212774',4,103);
INSERT INTO reviews_review VALUES(20,'Скажу тем, кто ещё не смотрел: если бы я был режиссёром этого фильма - я бы не гордился. Оператора уволить, фильм получился так себе, но один раз посмотреть - сойдёт. Авторы честно заслужили 5 из 10',5,'2020-05-08 21:21:14.294506',7,104);
INSERT INTO reviews_review VALUES(21,'Скачал, посмотрел, думаю, что сценарий подкачал, зато подбор актёров - супер. Начало немного затянуто, да и вообще не очень. Фильм едва тянет на 4',4,'2020-05-08 21:21:14.366705',7,100);
INSERT INTO reviews_review VALUES(22,'Мне кажется, что я впустую потерял время. Ставлю 2',2,'2020-05-08 21:21:14.409382',8,101);
INSERT INTO reviews_review VALUES(23,'Посмотрела. Актёры так себе, сценарий хороший. Уснула к середине. Не раздумывая, ставлю двойку ',2,'2020-05-08 21:21:14.448618',8,102);
INSERT INTO reviews_review VALUES(24,'Все очень долго ждали премьеру фильма,и наконец дождались.Фильм отличный,добрый,смотрится почти на одном дыхании,с завязанным сюжетом и не менее крутой музыкой.Кино очень понравилось!!!Всем советую.',10,'2020-05-08 21:21:14.500908',9,103);
INSERT INTO reviews_review VALUES(25,'Отстой-фильм. Не ходите',1,'2020-05-08 21:21:14.541030',9,104);
INSERT INTO reviews_review VALUES(26,'Для людей, которые хотят посмеяться и получить море эмоций, тот самый фильм. Мне очень понравился.',10,'2020-05-08 21:21:14.576806',9,100);
INSERT INTO reviews_review VALUES(27,'Первый раз в жизни решила написать отзыв,чтобы предостеречь от потери денег на билет и траты времени на просмотр. К игре актеров претензий нет',2,'2020-05-08 21:21:14.596297',10,101);
INSERT INTO reviews_review VALUES(28,'2 часа смотрятся на одном дыхании. Спецэффекты на уровне фильмов Марвела. Смотрели всей семьей. Посмотрел несколько отзывов, понял , что фильм стоит посмотреть',10,'2020-05-08 21:21:14.611062',10,102);
INSERT INTO reviews_review VALUES(29,'Действия персонажей вызывают постоянный вопросы - что и зачем они это делают. Логики просто нет. После половины фильма уже хочется уйти',1,'2020-05-08 21:21:14.627252',11,103);
INSERT INTO reviews_review VALUES(30,replace('Лучший фильм, однозначно. Шедевр. Но следует понимать, что это не кино под пиво для молодежи. Стильно снято, на одном дыхании\nсмотрится, персонажи великолепны','\n',char(10)),10,'2020-05-08 21:21:14.640660',11,104);
INSERT INTO reviews_review VALUES(31,'Тупее не видел, смотреть не интересно скучняк',1,'2020-05-08 21:21:14.656131',11,100);
INSERT INTO reviews_review VALUES(32,'Фильм интересный,но не доработанный.Остроты сюжета не хватает',8,'2020-05-08 21:21:14.673696',12,101);
INSERT INTO reviews_review VALUES(33,'Самая сильная картина за последнее время. Фильм заставляет плакать, радоваться, грустить, держит в напряжении',10,'2020-05-08 21:21:14.687150',12,102);
INSERT INTO reviews_review VALUES(34,'С огромным удовольствием сходила в кинотеатр. Одноразовые фильмы, названия которых забываешь на выходе из дверей кинозала, разочаровывают. И вот настоящий, душевный, жизненный фильм. Игра акторов и сюжет бомбические.',9,'2020-05-08 21:21:14.702711',12,103);
INSERT INTO reviews_review VALUES(35,'Что сказать после просмотра? Ничего. Такое ощущение, что тебя обманули, заставили смотреть за твои деньги на стену',1,'2020-05-08 21:21:14.725643',13,104);
INSERT INTO reviews_review VALUES(36,'Хотелось уйти уже на двадцатой минуте. Неинтересно и нудно. Режиссура не впечатлила, ну просто неинтересно смотреть было',2,'2020-05-08 21:21:14.750324',13,100);
INSERT INTO reviews_review VALUES(37,'Фильм стоит увидеть тем, кому интересно современное кино. Не скучно, не затянуто, понравилась операторская работа, некоторые сцены сделаны на хорошем уровне',8,'2020-05-08 21:21:14.763493',13,101);
INSERT INTO reviews_review VALUES(38,'Муторно и тяжело. Ставлю 2',2,'2020-05-08 21:21:14.781230',15,102);
INSERT INTO reviews_review VALUES(39,'Фильм не оправдал ожиданий. Сплошная каша, слабый сценарий. С трудом досмотрела до конца. Ожидала нечто такого интересного и захватывающее. Полное разочарование. Отдельные несвязные сцены, непонятные диалоги',3,'2020-05-08 21:21:14.805365',15,103);
INSERT INTO reviews_review VALUES(40,'Мне фильм понравился. Все качественно,красиво. Игра актеров, в основном, очень даже. Но слишком много, для меня кровавых сцен,слабонервным просьба не смотреть',9,'2020-05-08 21:21:14.829721',15,104);
INSERT INTO reviews_review VALUES(41,replace('Зря потерянное время! Эмоции после просмотра, - безысходность, ничего уже не изменишь. Фильм вообще никакой!!!\nИ поставили его люди бездарные и никчёмные!!!','\n',char(10)),1,'2020-05-08 21:21:14.856069',16,100);
INSERT INTO reviews_review VALUES(42,'После просмотра разочарование граничит с шоком. Бездарный фильм, как предыдущий от этого же режиссера. Не рекомендую никому! Плохо, неправдоподобно, скомкано снято.',2,'2020-05-08 21:21:14.871109',16,101);
INSERT INTO reviews_review VALUES(43,'Фильм мощный. Главное - не занимать чью-то позицию, а смотреть со стороны. Впервые вижу, чтобы было так детально показаны переживания и эмоции каждого героя. Все на своем месте. Актеры и графика на высоте.',10,'2020-05-08 21:21:14.888586',16,102);
INSERT INTO reviews_review VALUES(44,'Если такой жанр вам по вкусу, то даже не сомневайтесь - бегом в кинотеатр! Фильм - огонь! Интересный сюжет, великолепная игра актёров, съёмки просто супер, да и спецэффекты на высоте',10,'2020-05-08 21:21:14.902907',17,103);
INSERT INTO reviews_review VALUES(45,'Сюжет, мысль, философия, игра актеров, эмоции - блеск! Сюжет динамичный, игра актёров хороша, но не идеальна.',8,'2020-05-08 21:21:14.917225',18,104);
INSERT INTO reviews_review VALUES(46,'Разочарованине, вытащила себя в кино, а тут такое. Реклама шла мноообещающая, а в реальности всё не то',2,'2020-05-08 21:21:14.932609',18,100);
INSERT INTO reviews_review VALUES(47,'Неправдоподобный, нелогичный, бессмысленный фильм. Просто никакой, можете даже не смотреть, сути не уловите. Мне понравился',10,'2020-05-08 21:21:14.944922',19,101);
INSERT INTO reviews_review VALUES(48,'Интересно продуманный фильм, цепляет необычным сюжетом. длинный, что бывает не во всех фильмах. Актёры крутые. В общем, посмотреть можно.',8,'2020-05-08 21:21:14.960090',19,102);
INSERT INTO reviews_review VALUES(49,'Внимательно слежу за всеми новыми изданиями, покупаю каждое. Лучший триллер тысячелетия — это «Колобок»',10,'2020-05-08 21:21:14.983131',20,103);
INSERT INTO reviews_review VALUES(50,'А вот у кипчаков «колобок» — шарик из навоза! И сказка приобретает совсем другой смысл! «Не хитри, а то навоза накушаешься!»',10,'2020-05-08 21:21:15.004400',20,104);
INSERT INTO reviews_review VALUES(51,'Прочла от начала до конца, не отрываясь. Ужасная книга, чему она может научить нашу молодёжь.',1,'2020-05-08 21:21:15.023541',21,100);
INSERT INTO reviews_review VALUES(52,'Суровые американские семидесятые в документальном изложении. Как автор дожил до 2005-го года — загадка. Но роман прекрасный. ',10,'2020-05-08 21:21:15.039740',21,101);
INSERT INTO reviews_review VALUES(53,'Многабукуф. Ниасилил. В аннотации написано — «великий роман», так что ставлю максимальную оценку',10,'2020-05-08 21:21:15.056515',22,102);
INSERT INTO reviews_review VALUES(54,'Если такой жанр вам по вкусу, то даже не сомневайтесь: садитесь читать! Роман - огонь! Интересный сюжет, великолепные персонажи, небо Аустерлица и встреча с дубом',10,'2020-05-08 21:21:15.070855',22,103);
INSERT INTO reviews_review VALUES(55,'Я ВиМ в школе читал (заставляли), а потом опять случайно прочёл, и оказалось, что он и правла великий, а не просто так. Не ставлю десятку только в память о школьных мучениях',8,'2020-05-08 21:21:15.084776',22,104);
INSERT INTO reviews_review VALUES(56,'Ничего не понял',3,'2020-05-08 21:21:15.105297',23,100);
INSERT INTO reviews_review VALUES(57,'Не понял вообще ничего',1,'2020-05-08 21:21:15.123723',23,101);
INSERT INTO reviews_review VALUES(58,'Совсем непонятно, но здорово',8,'2020-05-08 21:21:15.135132',23,102);
INSERT INTO reviews_review VALUES(59,'Что это было?! Десятка за уровень непонятности',10,'2020-05-08 21:21:15.155931',23,103);
INSERT INTO reviews_review VALUES(60,'Детально комментировать не буду, но это шедевр',10,'2020-05-08 21:21:15.174616',23,104);
INSERT INTO reviews_review VALUES(61,'Один день уместился всего в один том. Автору и книге — максимальную оценку за лаконичность',10,'2020-05-08 21:21:15.195081',23,100);
INSERT INTO reviews_review VALUES(62,'Одиссей без сирен и золотого руна. Куда автор подевал классический сюжет и почему там везде Ирландия?! Деньги дерут, а корицу жалеют.',3,'2020-05-08 21:21:15.214083',23,101);
INSERT INTO reviews_review VALUES(63,'Не может быть такого. Это всё придумано, автор попытался обмануть читателя, но мы, читатели, умнее его. Нас вокруг пальца не обведёшь!!',2,'2020-05-08 21:21:15.234174',24,102);
INSERT INTO reviews_review VALUES(64,'Всё совершенно не так, как на самом деле, и в документальной повести это хорошо описано',9,'2020-05-08 21:21:15.255228',24,103);
INSERT INTO reviews_review VALUES(65,'Если бы я только мог на минутку перестать бумкать головой по ступенькам и как следует сосредоточиться — я бы написал прекрасный отзыв. Но увы — сосредоточиться-то мне и некогда: учёба, работа. Просто поставлю пятёрку',10,'2020-05-08 21:21:15.272475',25,104);
INSERT INTO reviews_review VALUES(66,'Это просто «Война и мир» для детей. Читать всем',10,'2020-05-08 21:21:15.286707',25,100);
INSERT INTO reviews_review VALUES(67,'Слушаю и плачу. Плачу, но слушаю',10,'2020-05-08 21:21:15.309927',26,101);
INSERT INTO reviews_review VALUES(68,'Какой-то непонятный шум. Неужели это кто-то слушает?',1,'2020-05-08 21:21:15.329055',27,102);
INSERT INTO reviews_review VALUES(69,'Ничего не понятно. О чём эта песня, чему она учит?',2,'2020-05-08 21:21:15.345675',27,103);
INSERT INTO reviews_review VALUES(70,'Йэн Андерсон великий!!!!!!!!1111',10,'2020-05-08 21:21:15.365640',28,104);
INSERT INTO reviews_review VALUES(71,'Неужели песню про аквалангистов перевели на английский?! Ну наконец-то! Аквалангисты — это хорошо!',10,'2020-05-08 21:21:15.383257',28,100);
INSERT INTO reviews_review VALUES(72,'Мы прыгали, вертелись и кружились так, что пол ходил ходуном!',10,'2020-05-08 21:21:15.402532',29,101);
INSERT INTO reviews_review VALUES(73,'Это единственный риф, который я умею играть на своей супердорогой гитаре! Моя любимая песня',10,'2020-05-08 21:21:15.417669',30,104);
INSERT INTO reviews_review VALUES(74,'Странно: Моцарт - австриец, а марш - турецкий. Не понимаю, как так вышло. Звучит красиво, но за географическую путаницу ставлю восемь',8,'2020-05-08 21:21:15.440701',31,100);
INSERT INTO reviews_review VALUES(75,'Бах forever. Это вам не три аккорда на гитаре, как у смок он зе вотер',10,'2020-05-08 21:21:15.457270',32,102);
CREATE TABLE IF NOT EXISTS "django_session" ("session_key" varchar(40) NOT NULL PRIMARY KEY, "session_data" text NOT NULL, "expire_date" datetime NOT NULL);
CREATE TABLE IF NOT EXISTS "users_user" ("id" integer NOT NULL PRIMARY KEY AUTOINCREMENT, "password" varchar(128) NOT NULL, "last_login" datetime NULL, "email" varchar(254) NOT NULL UNIQUE, "role" varchar(30) NOT NULL, "bio" text NOT NULL, "first_name" varchar(30) NOT NULL, "last_name" varchar(150) NOT NULL, "is_active" bool NOT NULL, "is_staff" bool NOT NULL, "is_superuser" bool NOT NULL, "username" varchar(150) NOT NULL UNIQUE);
INSERT INTO users_user VALUES(100,'',NULL,'bingobongo@yamdb.fake','user','','','',1,0,0,'bingobongo');
INSERT INTO users_user VALUES(101,'',NULL,'capt_obvious@yamdb.fake','admin','','','',1,0,0,'capt_obvious');
INSERT INTO users_user VALUES(102,'',NULL,'faust@yamdb.fake','user','','','',1,0,0,'faust');
INSERT INTO users_user VALUES(103,'',NULL,'reviewer@yamdb.fake','user','','','',1,0,0,'reviewer');
INSERT INTO users_user VALUES(104,'',NULL,'angry@yamdb.fake','moderator','','','',1,0,0,'angry');
CREATE TABLE IF NOT EXISTS "titles_title" ("id" integer NOT NULL PRIMARY KEY AUTOINCREMENT, "name" varchar(50) NOT NULL, "description" text NOT NULL, "year" integer unsigned NOT NULL CHECK ("year" >= 0), "created" datetime NOT NULL, "category_id" integer NULL REFERENCES "categories_category" ("id") DEFERRABLE INITIALLY DEFERRED);
INSERT INTO titles_title VALUES(1,'Побег из Шоушенка','',1994,'2020-05-08 21:21:12.182521',1);
INSERT INTO titles_title VALUES(2,'Крестный отец','',1972,'2020-05-08 21:21:12.198683',1);
INSERT INTO titles_title VALUES(3,'12 разгневанных мужчин','',1957,'2020-05-08 21:21:12.212569',1);
INSERT INTO titles_title VALUES(4,'Список Шиндлера','',1993,'2020-05-08 21:21:12.226730',1);
INSERT INTO titles_title VALUES(5,'Криминальное чтиво','',1994,'2020-05-08 21:21:12.238889',1);
INSERT INTO titles_title VALUES(6,'Хороший, плохой, злой','',1966,'2020-05-08 21:21:12.250428',1);
INSERT INTO titles_title VALUES(7,'Властелин колец: Братство кольца','',2001,'2020-05-08 21:21:12.277971',1);
INSERT INTO titles_title VALUES(8,'Бойцовский клуб','',1999,'2020-05-08 21:21:12.309826',1);
INSERT INTO titles_title VALUES(9,'Форрест Гамп','',1994,'2020-05-08 21:21:12.328039',1);
INSERT INTO titles_title VALUES(10,'Звёздные войны. Эпизод 5: Империя наносит ответный удар','',1980,'2020-05-08 21:21:12.341650',1);
INSERT INTO titles_title VALUES(11,'Властелин колец: Две крепости','',2002,'2020-05-08 21:21:12.355517',1);
INSERT INTO titles_title VALUES(12,'Матрица','',1999,'2020-05-08 21:21:12.368009',1);
INSERT INTO titles_title VALUES(13,'Пролетая над гнездом кукушки','',1975,'2020-05-08 21:21:12.382076',1);
INSERT INTO titles_title VALUES(14,'Назад в будущее','',1985,'2020-05-08 21:21:12.401826',1);
INSERT INTO titles_title VALUES(15,'Операция «Ы» и другие приключения Шурика','',1965,'2020-05-08 21:21:12.430879',1);
INSERT INTO titles_title VALUES(16,'Карты, деньги, два ствола','',1998,'2020-05-08 21:21:12.466525',1);
INSERT INTO titles_title VALUES(17,'Джентльмены удачи ','',1971,'2020-05-08 21:21:12.528318',1);
INSERT INTO titles_title VALUES(18,'Джанго освобожденный','',2012,'2020-05-08 21:21:12.567999',1);
INSERT INTO titles_title VALUES(19,'Generation П','',2011,'2020-05-08 21:21:12.620443',1);
INSERT INTO titles_title VALUES(20,'Колобок','',1873,'2020-05-08 21:21:12.652049',2);
INSERT INTO titles_title VALUES(21,'Страх и ненависть в Лас-Вегасе','',1971,'2020-05-08 21:21:12.673299',2);
INSERT INTO titles_title VALUES(22,'Война и мир','',1865,'2020-05-08 21:21:12.706365',2);
INSERT INTO titles_title VALUES(23,'Улисс','',1918,'2020-05-08 21:21:12.756488',2);
INSERT INTO titles_title VALUES(24,'Generation П','',1999,'2020-05-08 21:21:12.779149',2);
INSERT INTO titles_title VALUES(25,'Винни Пух и все-все-все','',1926,'2020-05-08 21:21:12.831561',2);
INSERT INTO titles_title VALUES(26,'Стас Михайлов - Позывные на любовь','',2004,'2020-05-08 21:21:12.866020',3);
INSERT INTO titles_title VALUES(27,'Led Zeppelin — Stairway to Heaven','',1971,'2020-05-08 21:21:12.911682',3);
INSERT INTO titles_title VALUES(28,'Jethro Tull - Aqualung','',1971,'2020-05-08 21:21:12.956136',3);
INSERT INTO titles_title VALUES(29,'Elvis Presley - Blue Suede Shoes','',1955,'2020-05-08 21:21:12.996324',3);
INSERT INTO titles_title VALUES(30,'Deep Purple — Smoke on the Water','',1971,'2020-05-08 21:21:13.019075',3);
INSERT INTO titles_title VALUES(31,'Моцарт - Турецкий марш','',1784,'2020-05-08 21:21:13.065988',3);
INSERT INTO titles_title VALUES(32,'Бах. Оркестровая Сюита №2 си минор','',1739,'2020-05-08 21:21:13.094042',3);
CREATE TABLE IF NOT EXISTS "titles_title_genre" ("id" integer NOT NULL PRIMARY KEY AUTOINCREMENT, "title_id" integer NOT NULL REFERENCES "titles_title" ("id") DEFERRABLE INITIALLY DEFERRED, "genre_id" integer NOT NULL REFERENCES "genres_genre" ("id") DEFERRABLE INITIALLY DEFERRED);
DELETE FROM sqlite_sequence;
INSERT INTO sqlite_sequence VALUES('django_migrations',48);
INSERT INTO sqlite_sequence VALUES('django_admin_log',0);
INSERT INTO sqlite_sequence VALUES('django_content_type',12);
INSERT INTO sqlite_sequence VALUES('auth_permission',48);
INSERT INTO sqlite_sequence VALUES('auth_group',0);
INSERT INTO sqlite_sequence VALUES('categories_category',3);
INSERT INTO sqlite_sequence VALUES('comments_comment',5);
INSERT INTO sqlite_sequence VALUES('reviews_review',75);
INSERT INTO sqlite_sequence VALUES('genres_genre',15);
INSERT INTO sqlite_sequence VALUES('users_user',104);
INSERT INTO sqlite_sequence VALUES('titles_title',32);
INSERT INTO sqlite_sequence VALUES('titles_title_genre',0);
CREATE INDEX "django_admin_log_content_type_id_c4bce8eb" ON "django_admin_log" ("content_type_id");
CREATE INDEX "django_admin_log_user_id_c564eba6" ON "django_admin_log" ("user_id");
CREATE UNIQUE INDEX "django_content_type_app_label_model_76bd3d3b_uniq" ON "django_content_type" ("app_label", "model");
CREATE UNIQUE INDEX "auth_group_permissions_group_id_permission_id_0cd325b0_uniq" ON "auth_group_permissions" ("group_id", "permission_id");
CREATE INDEX "auth_group_permissions_group_id_b120cbf9" ON "auth_group_permissions" ("group_id");
CREATE INDEX "auth_group_permissions_permission_id_84c5c92e" ON "auth_group_permissions" ("permission_id");
CREATE UNIQUE INDEX "auth_permission_content_type_id_codename_01ab375a_uniq" ON "auth_permission" ("content_type_id", "codename");
CREATE INDEX "auth_permission_content_type_id_2f476e4b" ON "auth_permission" ("content_type_id");
CREATE INDEX "comments_comment_review_id_636b95ad" ON "comments_comment" ("review_id");
CREATE INDEX "comments_comment_author_id_334ce9e2" ON "comments_comment" ("author_id");
CREATE INDEX "genres_genre_slug_acc11750" ON "genres_genre" ("slug");
CREATE INDEX "reviews_review_pub_date_b50c59a9" ON "reviews_review" ("pub_date");
CREATE INDEX "reviews_review_title_id_a695a85f" ON "reviews_review" ("title_id");
CREATE INDEX "reviews_review_author_id_ed71e278" ON "reviews_review" ("author_id");
CREATE INDEX "django_session_expire_date_a5c62663" ON "django_session" ("expire_date");
CREATE INDEX "titles_title_created_b41a44a8" ON "titles_title" ("created");
CREATE INDEX "titles_title_category_id_116ed767" ON "titles_title" ("category_id");
CREATE UNIQUE INDEX "titles_title_genre_title_id_genre_id_8b40f08c_uniq" ON "titles_title_genre" ("title_id", "genre_id");
CREATE INDEX "titles_title_genre_title_id_1e45c581" ON "titles_title_genre" ("title_id");
CREATE INDEX "titles_title_genre_genre_id_9f31f327" ON "titles_title_genre" ("genre_id");
COMMIT;
